Workbook

Sheet Barras
A1: Bus_No | B1: Bus_Code | C1: V_pu | D1: V_th | E1: Gen_MW | F1: Gen_Mvar | G1: Load_MW | H1: Load_Mvar
A2: 1 | B2: =Planilha4!W2 -> 1 | C2: =Planilha4!X2 -> 1.06 | D2: =Planilha4!Y2 -> 0 | E2: 0 | F2: 0 | G2: =Planilha4!AB2 -> 0 | H2: =Planilha4!AC2 -> 0
A3: 2 | B3: =Planilha4!W3 -> 2 | C3: =Planilha4!X3 -> 1.045 | D3: 0 | E3: =Planilha4!Z3 -> 40 | F3: 42.4 | G3: =Planilha4!AB3 -> 21.7 | H3: =Planilha4!AC3 -> 12.7
A4: 3 | B4: =Planilha4!W4 -> 2 | C4: =Planilha4!X4 -> 1.01 | D4: 0 | E4: =Planilha4!Z4 -> 0 | F4: 23.4 | G4: =Planilha4!AB4 -> 94.2 | H4: =Planilha4!AC4 -> 19
A5: 4 | B5: =Planilha4!W5 -> 0 | C5: 1 | D5: 0 | E5: =Planilha4!Z5 -> 0 | F5: 0 | G5: =Planilha4!AB5 -> 47.8 | H5: 0
A6: 5 | B6: =Planilha4!W6 -> 0 | C6: 1 | D6: 0 | E6: =Planilha4!Z6 -> 0 | F6: 0 | G6: =Planilha4!AB6 -> 7.6 | H6: =Planilha4!AC6 -> 1.6
A7: 6 | B7: =Planilha4!W7 -> 2 | C7: =Planilha4!X7 -> 1.07 | D7: 0 | E7: =Planilha4!Z7 -> 0 | F7: 12.2 | G7: =Planilha4!AB7 -> 11.2 | H7: =Planilha4!AC7 -> 7.5
A8: 7 | B8: =Planilha4!W8 -> 0 | C8: 1 | D8: 0 | E8: =Planilha4!Z8 -> 0 | F8: 0 | G8: =Planilha4!AB8 -> 0 | H8: =Planilha4!AC8 -> 0
A9: 8 | B9: =Planilha4!W9 -> 2 | C9: =Planilha4!X9 -> 1.09 | D9: 0 | E9: =Planilha4!Z9 -> 0 | F9: 17.4 | G9: =Planilha4!AB9 -> 0 | H9: =Planilha4!AC9 -> 0
A10: 9 | B10: =Planilha4!W10 -> 0 | C10: 1 | D10: 0 | E10: =Planilha4!Z10 -> 0 | F10: 0 | G10: =Planilha4!AB10 -> 29.5 | H10: =Planilha4!AC10 -> 16.6
A11: 10 | B11: =Planilha4!W11 -> 0 | C11: 1 | D11: 0 | E11: =Planilha4!Z11 -> 0 | F11: 0 | G11: =Planilha4!AB11 -> 9 | H11: =Planilha4!AC11 -> 5.8
A12: 11 | B12: =Planilha4!W12 -> 0 | C12: 1 | D12: 0 | E12: =Planilha4!Z12 -> 0 | F12: 0 | G12: =Planilha4!AB12 -> 3.5 | H12: =Planilha4!AC12 -> 1.8
A13: 12 | B13: =Planilha4!W13 -> 0 | C13: 1 | D13: 0 | E13: =Planilha4!Z13 -> 0 | F13: 0 | G13: =Planilha4!AB13 -> 6.1 | H13: =Planilha4!AC13 -> 1.6
A14: 13 | B14: =Planilha4!W14 -> 0 | C14: 1 | D14: 0 | E14: =Planilha4!Z14 -> 0 | F14: 0 | G14: =Planilha4!AB14 -> 13.5 | H14: =Planilha4!AC14 -> 5.8
A15: 14 | B15: =Planilha4!W15 -> 0 | C15: 1 | D15: 0 | E15: =Planilha4!Z15 -> 0 | F15: 0 | G15: =Planilha4!AB15 -> 14.9 | H15: =Planilha4!AC15 -> 5

Sheet Linhas
A1: From_Bus | B1: To_Bus | C1: R_pu | D1: X_pu | E1: B_pu | F1: Tap_pu
A2: =Planilha4!AE2 -> 1 | B2: =Planilha4!AF2 -> 2 | C2: =Planilha4!AG2 -> 0.01938 | D2: =Planilha4!AH2 -> 0.05917 | E2: =Planilha4!AI2 -> 0.0528 | F2: =Planilha4!AJ2 -> 1
A3: =Planilha4!AE3 -> 2 | B3: =Planilha4!AF3 -> 3 | C3: =Planilha4!AG3 -> 0.04699 | D3: =Planilha4!AH3 -> 0.19797 | E3: =Planilha4!AI3 -> 0.0438 | F3: =Planilha4!AJ3 -> 1
A4: =Planilha4!AE4 -> 2 | B4: =Planilha4!AF4 -> 4 | C4: =Planilha4!AG4 -> 0.05811 | D4: =Planilha4!AH4 -> 0.17632 | E4: =Planilha4!AI4 -> 0.0374 | F4: =Planilha4!AJ4 -> 1
A5: =Planilha4!AE5 -> 1 | B5: =Planilha4!AF5 -> 5 | C5: =Planilha4!AG5 -> 0.05403 | D5: =Planilha4!AH5 -> 0.22304 | E5: =Planilha4!AI5 -> 0.0492 | F5: =Planilha4!AJ5 -> 1
A6: =Planilha4!AE6 -> 2 | B6: =Planilha4!AF6 -> 5 | C6: =Planilha4!AG6 -> 0.05695 | D6: =Planilha4!AH6 -> 0.17388 | E6: =Planilha4!AI6 -> 0.034 | F6: =Planilha4!AJ6 -> 1
A7: =Planilha4!AE7 -> 3 | B7: =Planilha4!AF7 -> 4 | C7: =Planilha4!AG7 -> 0.06701 | D7: =Planilha4!AH7 -> 0.17103 | E7: =Planilha4!AI7 -> 0.0346 | F7: =Planilha4!AJ7 -> 1
A8: =Planilha4!AE8 -> 4 | B8: =Planilha4!AF8 -> 5 | C8: =Planilha4!AG8 -> 0.01335 | D8: =Planilha4!AH8 -> 0.04211 | E8: =Planilha4!AI8 -> 0.0128 | F8: =Planilha4!AJ8 -> 1
A9: =Planilha4!AE9 -> 5 | B9: =Planilha4!AF9 -> 6 | C9: =Planilha4!AG9 -> 0 | D9: =Planilha4!AH9 -> 0.25202 | E9: =Planilha4!AI9 -> 0 | F9: 0.932
A10: =Planilha4!AE10 -> 4 | B10: =Planilha4!AF10 -> 7 | C10: =Planilha4!AG10 -> 0 | D10: =Planilha4!AH10 -> 0.20912 | E10: =Planilha4!AI10 -> 0 | F10: 0.978
A11: =Planilha4!AE11 -> 7 | B11: =Planilha4!AF11 -> 8 | C11: =Planilha4!AG11 -> 0 | D11: =Planilha4!AH11 -> 0.17615 | E11: =Planilha4!AI11 -> 0 | F11: =Planilha4!AJ11 -> 1
A12: =Planilha4!AE12 -> 4 | B12: =Planilha4!AF12 -> 9 | C12: =Planilha4!AG12 -> 0 | D12: =Planilha4!AH12 -> 0.55618 | E12: =Planilha4!AI12 -> 0 | F12: 0.969
A13: =Planilha4!AE13 -> 7 | B13: =Planilha4!AF13 -> 9 | C13: =Planilha4!AG13 -> 0 | D13: =Planilha4!AH13 -> 0.11001 | E13: =Planilha4!AI13 -> 0 | F13: =Planilha4!AJ13 -> 1
A14: =Planilha4!AE14 -> 9 | B14: =Planilha4!AF14 -> 10 | C14: =Planilha4!AG14 -> 0.03181 | D14: =Planilha4!AH14 -> 0.0845 | E14: =Planilha4!AI14 -> 0 | F14: =Planilha4!AJ14 -> 1
A15: =Planilha4!AE15 -> 6 | B15: =Planilha4!AF15 -> 11 | C15: =Planilha4!AG15 -> 0.09498 | D15: =Planilha4!AH15 -> 0.1989 | E15: =Planilha4!AI15 -> 0 | F15: =Planilha4!AJ15 -> 1
A16: =Planilha4!AE16 -> 6 | B16: =Planilha4!AF16 -> 12 | C16: =Planilha4!AG16 -> 0.12291 | D16: =Planilha4!AH16 -> 0.25581 | E16: =Planilha4!AI16 -> 0 | F16: =Planilha4!AJ16 -> 1
A17: =Planilha4!AE17 -> 6 | B17: =Planilha4!AF17 -> 13 | C17: =Planilha4!AG17 -> 0.06615 | D17: =Planilha4!AH17 -> 0.13027 | E17: =Planilha4!AI17 -> 0 | F17: =Planilha4!AJ17 -> 1
A18: =Planilha4!AE18 -> 9 | B18: =Planilha4!AF18 -> 14 | C18: =Planilha4!AG18 -> 0.12711 | D18: =Planilha4!AH18 -> 0.27038 | E18: =Planilha4!AI18 -> 0 | F18: =Planilha4!AJ18 -> 1
A19: =Planilha4!AE19 -> 10 | B19: =Planilha4!AF19 -> 11 | C19: =Planilha4!AG19 -> 0.8205 | D19: =Planilha4!AH19 -> 0.19207 | E19: =Planilha4!AI19 -> 0 | F19: =Planilha4!AJ19 -> 1
A20: =Planilha4!AE20 -> 12 | B20: =Planilha4!AF20 -> 13 | C20: =Planilha4!AG20 -> 0.22092 | D20: =Planilha4!AH20 -> 0.19988 | E20: =Planilha4!AI20 -> 0 | F20: =Planilha4!AJ20 -> 1
A21: =Planilha4!AE21 -> 13 | B21: =Planilha4!AF21 -> 14 | C21: =Planilha4!AG21 -> 0.17093 | D21: =Planilha4!AH21 -> 0.34802 | E21: =Planilha4!AI21 -> 0 | F21: =Planilha4!AJ21 -> 1

Sheet Ohms2Pu
B1: S_base | C1: V_base | D1: Z_base | G1: From | H1: To | I1: R_pu | J1: X_pu
B2: 100000000 | C2: 370000 | D2: =(C2^2)/B2 -> 1369 | G2: 1 | H2: 2 | I2: =C5/D2 -> 0.0043827611 | J2: =D5/D2 -> 0.036523009
A4: From | B4: To | C4: R_ohm | D4: X_ohm | E4: Z_ohm
A5: 1 | B5: 2 | C5: 6 | D5: 50 | E5: =COMPLEX(C5,D5,"j") -> 6+50j

Sheet Planilha2
A1: Bus_No | B1: Bus Voltage | D1: Generation | F1: Load | I1: Line | J1: Between Buses | K1: Line impedance | M1: Half Line Charging Susceptance per unit | O1: Transformer | P1: Between Buses | Q1: Tap Setting | S1: Bus_No | T1: Bus_Code | U1: V_pu | V1: V_th | W1: Gen_MW | X1: Gen_Mvar | Y1: Load_MW | Z1: Load_Mvar | AD1: From_Bus | AE1: To_Bus | AF1: R_pu | AG1: X_pu | AH1: B_pu | AI1: Tap_pu
A2: / | B2: Magnitude Per Unit | C2: Phase Angle Degrees | D2: Real | E2: Reactive MVAR | F2: Real | G2: Reactive MVAR | I2: No | K2: R per unit | L2: X per unit | O2: 1 | P2: 4 - 7 | Q2: 0.978 | S2: 1 | T2: =IF(C4=0,1,IF(OR(D4>0,E4<>0),2,0)) -> 1 | U2: =B4 -> 1.060 | V2: =C4 -> 0 | W2: =D4 -> 232.4 | X2: =E4 -> - 16.9 | Y2: =F4 -> 0 | Z2: =G4 -> 0 | AD2: 1 | AE2: 2 | AF2: =K3 -> 0.01938 | AG2: =L3 -> 0.05917 | AH2: =2*M3 -> 0.0528 | AI2: 1
D3: MW | F3: MW | I3: 1 | J3: 1 – 2 | K3: 0.01938 | L3: 0.05917 | M3: 0.0264 | O3: 2 | P3: 4 - 9 | Q3: 0.969 | S3: 2 | T3: =IF(C5=0,1,IF(OR(D5>0,E5<>0),2,0)) -> 2 | U3: =B5 -> 1.045 | V3: =C5 -> -4.98 | W3: =D5 -> 40.0 | X3: =E5 -> 42.4 | Y3: =F5 -> 21.7 | Z3: =G5 -> 12.7 | AD3: 2 | AE3: 3 | AF3: =K4 -> 0.04699 | AG3: =L4 -> 0.19797 | AH3: =2*M4 -> 0.0438 | AI3: 1
A4: 1 | B4: 1.060 | C4: 0 | D4: 232.4 | E4: - 16.9 | F4: 0 | G4: 0 | I4: 2 | J4: 2 – 3 | K4: 0.04699 | L4: 0.19797 | M4: 0.0219 | O4: 3 | P4: 5 - 6 | Q4: 0.932 | S4: 3 | T4: =IF(C6=0,1,IF(OR(D6>0,E6<>0),2,0)) -> 2 | U4: =B6 -> 1.010 | V4: =C6 -> -12.72 | W4: =D6 -> 0 | X4: =E6 -> 23.4 | Y4: =F6 -> 94.2 | Z4: =G6 -> 19.0 | AD4: 2 | AE4: 4 | AF4: =K5 -> 0.05811 | AG4: =L5 -> 0.17632 | AH4: =2*M5 -> 0.0374 | AI4: 1
A5: 2 | B5: 1.045 | C5: -4.98 | D5: 40.0 | E5: 42.4 | F5: 21.7 | G5: 12.7 | I5: 3 | J5: 2 – 4 | K5: 0.05811 | L5: 0.17632 | M5: 0.0187 | S5: 4 | T5: =IF(C7=0,1,IF(OR(D7>0,E7<>0),2,0)) -> 0 | U5: =B7 -> 1.019 | V5: =C7 -> - 10.33 | W5: =D7 -> 0 | X5: =E7 -> 0 | Y5: =F7 -> 47.8 | Z5: =G7 -> 3.9 | AD5: 1 | AE5: 5 | AF5: =K6 -> 0.05403 | AG5: =L6 -> 0.22304 | AH5: =2*M6 -> 0.04922 | AI5: 1
A6: 3 | B6: 1.010 | C6: -12.72 | D6: 0 | E6: 23.4 | F6: 94.2 | G6: 19.0 | I6: 4 | J6: 1 – 5 | K6: 0.05403 | L6: 0.22304 | M6: 0.02461 | S6: 5 | T6: =IF(C8=0,1,IF(OR(D8>0,E8<>0),2,0)) -> 0 | U6: =B8 -> 1.020 | V6: =C8 -> - 8.78 | W6: =D8 -> 0 | X6: =E8 -> 0 | Y6: =F8 -> 7.6 | Z6: =G8 -> 1.6 | AD6: 2 | AE6: 5 | AF6: =K7 -> 0.05695 | AG6: =L7 -> 0.17388 | AH6: =2*M7 -> 0.034 | AI6: 1
A7: 4 | B7: 1.019 | C7: - 10.33 | D7: 0 | E7: 0 | F7: 47.8 | G7: 3.9 | I7: 5 | J7: 2 – 5 | K7: 0.05695 | L7: 0.17388 | M7: 0.017 | S7: 6 | T7: =IF(C9=0,1,IF(OR(D9>0,E9<>0),2,0)) -> 2 | U7: =B9 -> 1.070 | V7: =C9 -> - 14.22 | W7: =D9 -> 0 | X7: =E9 -> 12.2 | Y7: =F9 -> 11.2 | Z7: =G9 -> 7.5 | AD7: 3 | AE7: 4 | AF7: =K8 -> 0.06701 | AG7: =L8 -> 0.17103 | AH7: =2*M8 -> 0.0346 | AI7: 1
A8: 5 | B8: 1.020 | C8: - 8.78 | D8: 0 | E8: 0 | F8: 7.6 | G8: 1.6 | I8: 6 | J8: 3 – 4 | K8: 0.06701 | L8: 0.17103 | M8: 0.0173 | S8: 7 | T8: =IF(C10=0,1,IF(OR(D10>0,E10<>0),2,0)) -> 0 | U8: =B10 -> 1.062 | V8: =C10 -> - 13.37 | W8: =D10 -> 0 | X8: =E10 -> 0 | Y8: =F10 -> 0 | Z8: =G10 -> 0 | AD8: 4 | AE8: 5 | AF8: =K9 -> 0.01335 | AG8: =L9 -> 0.04211 | AH8: =2*M9 -> 0.0128 | AI8: 1
A9: 6 | B9: 1.070 | C9: - 14.22 | D9: 0 | E9: 12.2 | F9: 11.2 | G9: 7.5 | I9: 7 | J9: 4 – 5 | K9: 0.01335 | L9: 0.04211 | M9: 0.0064 | S9: 8 | T9: =IF(C11=0,1,IF(OR(D11>0,E11<>0),2,0)) -> 2 | U9: =B11 -> 1.090 | V9: =C11 -> - 13.36 | W9: =D11 -> 0 | X9: =E11 -> 17.4 | Y9: =F11 -> 0 | Z9: =G11 -> 0 | AD9: 5 | AE9: 6 | AF9: =K10 -> 0 | AG9: =L10 -> 0.25202 | AH9: =2*M10 -> 0 | AI9: 0.932
A10: 7 | B10: 1.062 | C10: - 13.37 | D10: 0 | E10: 0 | F10: 0 | G10: 0 | I10: 8 | J10: 5 – 6 | K10: 0 | L10: 0.25202 | M10: 0 | S10: 9 | T10: =IF(C12=0,1,IF(OR(D12>0,E12<>0),2,0)) -> 0 | U10: =B12 -> 1.056 | V10: =C12 -> - 14.94 | W10: =D12 -> 0 | X10: =E12 -> 0 | Y10: =F12 -> 29.5 | Z10: =G12 -> 16.6 | AD10: 4 | AE10: 7 | AF10: =K11 -> 0 | AG10: =L11 -> 0.20912 | AH10: =2*M11 -> 0 | AI10: 0.978
A11: 8 | B11: 1.090 | C11: - 13.36 | D11: 0 | E11: 17.4 | F11: 0 | G11: 0 | I11: 9 | J11: 4 – 7 | K11: 0 | L11: 0.20912 | M11: 0 | S11: 10 | T11: =IF(C13=0,1,IF(OR(D13>0,E13<>0),2,0)) -> 0 | U11: =B13 -> 1.051 | V11: =C13 -> - 15.10 | W11: =D13 -> 0 | X11: =E13 -> 0 | Y11: =F13 -> 9.0 | Z11: =G13 -> 5.8 | AD11: 7 | AE11: 8 | AF11: =K12 -> 0 | AG11: =L12 -> 0.17615 | AH11: =2*M12 -> 0 | AI11: 1
A12: 9 | B12: 1.056 | C12: - 14.94 | D12: 0 | E12: 0 | F12: 29.5 | G12: 16.6 | I12: 10 | J12: 7 – 8 | K12: 0 | L12: 0.17615 | M12: 0 | S12: 11 | T12: =IF(C14=0,1,IF(OR(D14>0,E14<>0),2,0)) -> 0 | U12: =B14 -> 1.057 | V12: =C14 -> - 14.79 | W12: =D14 -> 0 | X12: =E14 -> 0 | Y12: =F14 -> 3.5 | Z12: =G14 -> 1.8 | AD12: 4 | AE12: 9 | AF12: =K13 -> 0 | AG12: =L13 -> 0.55618 | AH12: =2*M13 -> 0 | AI12: 0.969
A13: 10 | B13: 1.051 | C13: - 15.10 | D13: 0 | E13: 0 | F13: 9.0 | G13: 5.8 | I13: 11 | J13: 4 – 9 | K13: 0 | L13: 0.55618 | M13: 0 | S13: 12 | T13: =IF(C15=0,1,IF(OR(D15>0,E15<>0),2,0)) -> 0 | U13: =B15 -> 1.055 | V13: =C15 -> - 18.07 | W13: =D15 -> 0 | X13: =E15 -> 0 | Y13: =F15 -> 6.1 | Z13: =G15 -> 1.6 | AD13: 7 | AE13: 9 | AF13: =K14 -> 0 | AG13: =L14 -> 0.11001 | AH13: =2*M14 -> 0 | AI13: 1
A14: 11 | B14: 1.057 | C14: - 14.79 | D14: 0 | E14: 0 | F14: 3.5 | G14: 1.8 | I14: 12 | J14: 7 – 9 | K14: 0 | L14: 0.11001 | M14: 0 | S14: 13 | T14: =IF(C16=0,1,IF(OR(D16>0,E16<>0),2,0)) -> 0 | U14: =B16 -> 1.050 | V14: =C16 -> - 15.16 | W14: =D16 -> 0 | X14: =E16 -> 0 | Y14: =F16 -> 13.5 | Z14: =G16 -> 5.8 | AD14: 9 | AE14: 10 | AF14: =K15 -> 0.03181 | AG14: =L15 -> 0.08450 | AH14: =2*M15 -> 0 | AI14: 1
A15: 12 | B15: 1.055 | C15: - 18.07 | D15: 0 | E15: 0 | F15: 6.1 | G15: 1.6 | I15: 13 | J15: 9 – 10 | K15: 0.03181 | L15: 0.08450 | M15: 0 | S15: 14 | T15: =IF(C17=0,1,IF(OR(D17>0,E17<>0),2,0)) -> 0 | U15: =B17 -> 1.036 | V15: =C17 -> - 16.04 | W15: =D17 -> 0 | X15: =E17 -> 0 | Y15: =F17 -> 14.9 | Z15: =G17 -> 5.0 | AD15: 6 | AE15: 11 | AF15: =K16 -> 0.09498 | AG15: =L16 -> 0.19890 | AH15: =2*M16 -> 0 | AI15: 1
A16: 13 | B16: 1.050 | C16: - 15.16 | D16: 0 | E16: 0 | F16: 13.5 | G16: 5.8 | I16: 14 | J16: 6 – 11 | K16: 0.09498 | L16: 0.19890 | M16: 0 | AD16: 6 | AE16: 12 | AF16: =K17 -> 0.12291 | AG16: =L17 -> 0.25581 | AH16: =2*M17 -> 0 | AI16: 1
A17: 14 | B17: 1.036 | C17: - 16.04 | D17: 0 | E17: 0 | F17: 14.9 | G17: 5.0 | I17: 15 | J17: 6 – 12 | K17: 0.12291 | L17: 0.25581 | M17: 0 | AD17: 6 | AE17: 13 | AF17: =K18 -> 0.06615 | AG17: =L18 -> 0.13027 | AH17: =2*M18 -> 0 | AI17: 1
I18: 16 | J18: 6 – 13 | K18: 0.06615 | L18: 0.13027 | M18: 0 | AD18: 9 | AE18: 14 | AF18: =K19 -> 0.12711 | AG18: =L19 -> 0.27038 | AH18: =2*M19 -> 0 | AI18: 1
I19: 17 | J19: 9 – 14 | K19: 0.12711 | L19: 0.27038 | M19: 0 | AD19: 10 | AE19: 11 | AF19: =K20 -> 0.8205 | AG19: =L20 -> 0.19207 | AH19: =2*M20 -> 0 | AI19: 1
I20: 18 | J20: 10 – 11 | K20: 0.8205 | L20: 0.19207 | M20: 0 | AD20: 12 | AE20: 13 | AF20: =K21 -> 0.22092 | AG20: =L21 -> 0.19988 | AH20: =2*M21 -> 0 | AI20: 1
I21: 19 | J21: 12 – 13 | K21: 0.22092 | L21: 0.19988 | M21: 0 | AD21: 13 | AE21: 14 | AF21: =K22 -> 0.17093 | AG21: =L22 -> 0.34802 | AH21: =2*M22 -> 0 | AI21: 1
I22: 20 | J22: 13 – 14 | K22: 0.17093 | L22: 0.34802 | M22: 0

Sheet Planilha3
A1: Bus | B1: V_pu | C1: Deg | D1: Gen_MW | E1: Gen_Mvar | F1: Load_MW | G1: Load_Mvar | I1: Line No | J1: From | K1: To | L1: R_pu | M1: X_pu | N1: B_pu/2 | P1: Transformer | Q1: Between Buses | R1: Tap Setting | T1: Bus_No | U1: Bus_Code | V1: V_pu | W1: V_th | X1: Gen_MW | Y1: Gen_Mvar | Z1: Load_MW | AA1: Load_Mvar
A2: 1 | B2: 1.06 | C2: 0.0 | D2: 232.4 | E2: -16.9 | F2: 0.0 | G2: 0.0 | I2: 1 | J2: 1 | K2: 2 | L2: 0.01938 | M2: =R8*$O$2 -> 0.005917 | N2: =P8*$O$2 -> 0.00264 | O2: 1e-06 | P2: 1 | Q2: 4-7 | R2: 0.978 | T2: 1 | U2: =IF(C2=0,1,IF(OR(D2>0,E2<>0),2,0)) -> 2 | V2: =B4 -> 1.01 | W2: =C4 -> -12.72 | X2: =D4 -> 0.0 | Y2: =E4 -> 23.4 | Z2: =F4 -> 94.2 | AA2: =G4 -> 19.0
A3: 2 | B3: 1.045 | C3: -4.98 | D3: 40.0 | E3: 42.4 | F3: 21.7 | G3: 12.7 | I3: 2 | J3: 2 | K3: 3 | L3: =4699*0.000001 -> 0.004699 | M3: =R9*$O$2 -> 0.019797 | N3: =P9*$O$2 -> 0.00219 | P3: 2 | Q3: 4-9 | R3: 0.969 | T3: 2 | U3: =IF(C3=0,1,IF(OR(D3>0,E3<>0),2,0)) -> 2 | V3: =B5 -> 1.019 | W3: =C5 -> -10.33 | X3: =D5 -> 0.0 | Y3: =E5 -> 0.0 | Z3: =F5 -> 47.8 | AA3: =G5 -> 3.9
A4: 3 | B4: 1.01 | C4: -12.72 | D4: 0.0 | E4: 23.4 | F4: 94.2 | G4: 19.0 | I4: 3 | J4: 2 | K4: 4 | L4: =5811*$O$2 -> 0.005811 | M4: =R10*$O$2 -> 0.017632 | N4: =P10*$O$2 -> 0.00187 | P4: 3 | Q4: 5-6 | R4: 0.932 | T4: 3 | U4: =IF(C4=0,1,IF(OR(D4>0,E4<>0),2,0)) -> 2 | V4: =B6 -> 1.02 | W4: =C6 -> -8.78 | X4: =D6 -> 0.0 | Y4: =E6 -> 0.0 | Z4: =F6 -> 7.6 | AA4: =G6 -> 1.6
A5: 4 | B5: 1.019 | C5: -10.33 | D5: 0.0 | E5: 0.0 | F5: 47.8 | G5: 3.9 | I5: 4 | J5: 1 | K5: 5 | L5: =5403*$O$2 -> 0.005403 | M5: =R11*$O$2 -> 0.022304 | N5: =P11*$O$2 -> 0.00246 | T5: 4 | U5: =IF(C5=0,1,IF(OR(D5>0,E5<>0),2,0)) -> 2 | V5: =B7 -> 1.07 | W5: =C7 -> -14.22 | X5: =D7 -> 0.0 | Y5: =E7 -> 12.2 | Z5: =F7 -> 11.2 | AA5: =G7 -> 7.5
A6: 5 | B6: 1.02 | C6: -8.78 | D6: 0.0 | E6: 0.0 | F6: 7.6 | G6: 1.6 | I6: 5 | J6: 2 | K6: 5 | L6: =Q8*$O$2 -> 0.005695 | M6: =R12*$O$2 -> 0.017388 | N6: =P12*$O$2 -> 0.0017 | T6: 5 | U6: =IF(C6=0,1,IF(OR(D6>0,E6<>0),2,0)) -> 2 | V6: =B8 -> 1.062 | W6: =C8 -> -13.37 | X6: =D8 -> 0.0 | Y6: =E8 -> 0.0 | Z6: =F8 -> 0.0 | AA6: =G8 -> 0.0
A7: 6 | B7: 1.07 | C7: -14.22 | D7: 0.0 | E7: 12.2 | F7: 11.2 | G7: 7.5 | I7: 6 | J7: 3 | K7: 4 | L7: =Q9*$O$2 -> 0.006701 | M7: =R13*$O$2 -> 0.017103 | N7: =P13*$O$2 -> 0.00173 | T7: 6 | U7: =IF(C7=0,1,IF(OR(D7>0,E7<>0),2,0)) -> 2 | V7: =B9 -> 1.09 | W7: =C9 -> -13.36 | X7: =D9 -> 0.0 | Y7: =E9 -> 17.4 | Z7: =F9 -> 0.0 | AA7: =G9 -> 0.0
A8: 7 | B8: 1.062 | C8: -13.37 | D8: 0.0 | E8: 0.0 | F8: 0.0 | G8: 0.0 | I8: 7 | J8: 4 | K8: 5 | L8: =Q10*$O$2 -> 0.001335 | M8: =R14*$O$2 -> 0.004211 | N8: =P14*$O$2 -> 6.4e-05 | P8: 2640 | Q8: 5695 | R8: 5917 | T8: 7 | U8: =IF(C8=0,1,IF(OR(D8>0,E8<>0),2,0)) -> 2 | V8: =B10 -> 1.056 | W8: =C10 -> -14.94 | X8: =D10 -> 0.0 | Y8: =E10 -> 0.0 | Z8: =F10 -> 29.5 | AA8: =G10 -> 16.6
A9: 8 | B9: 1.09 | C9: -13.36 | D9: 0.0 | E9: 17.4 | F9: 0.0 | G9: 0.0 | I9: 8 | J9: 5 | K9: 6 | L9: =Q11*$O$2 -> 0 | M9: =R15*$O$2 -> 0.025202 | N9: =P15*$O$2 -> 0 | P9: 2190 | Q9: 6701 | R9: 19797 | T9: 8 | U9: =IF(C9=0,1,IF(OR(D9>0,E9<>0),2,0)) -> 2 | V9: =B11 -> 1.051 | W9: =C11 -> -15.10 | X9: =D11 -> 0.0 | Y9: =E11 -> 0.0 | Z9: =F11 -> 9.0 | AA9: =G11 -> 5.8
A10: 9 | B10: 1.056 | C10: -14.94 | D10: 0.0 | E10: 0.0 | F10: 29.5 | G10: 16.6 | I10: 9 | J10: 4 | K10: 7 | L10: =Q12*$O$2 -> 0 | M10: =R16*$O$2 -> 0.020912 | N10: =P16*$O$2 -> 0 | P10: 1870 | Q10: 1335 | R10: 17632 | T10: 9 | U10: =IF(C10=0,1,IF(OR(D10>0,E10<>0),2,0)) -> 2 | V10: =B12 -> 1.057 | W10: =C12 -> -14.79 | X10: =D12 -> 0.0 | Y10: =E12 -> 0.0 | Z10: =F12 -> 3.5 | AA10: =G12 -> 1.8
A11: 10 | B11: 1.051 | C11: -15.10 | D11: 0.0 | E11: 0.0 | F11: 9.0 | G11: 5.8 | I11: 10 | J11: 7 | K11: 8 | L11: =Q13*$O$2 -> 0 | M11: =R17*$O$2 -> 0.017615 | N11: =P17*$O$2 -> 0 | P11: 2460 | Q11: 0 | R11: 22304 | T11: 10 | U11: =IF(C11=0,1,IF(OR(D11>0,E11<>0),2,0)) -> 2 | V11: =B13 -> 1.055 | W11: =C13 -> -18.07 | X11: =D13 -> 0.0 | Y11: =E13 -> 0.0 | Z11: =F13 -> 6.1 | AA11: =G13 -> 1.6
A12: 11 | B12: 1.057 | C12: -14.79 | D12: 0.0 | E12: 0.0 | F12: 3.5 | G12: 1.8 | I12: 11 | J12: 4 | K12: 9 | L12: =Q14*$O$2 -> 0 | M12: =R18*$O$2 -> 0.055618 | N12: =P18*$O$2 -> 0 | P12: 1700 | Q12: 0 | R12: 17388 | T12: 11 | U12: =IF(C12=0,1,IF(OR(D12>0,E12<>0),2,0)) -> 2 | V12: =B14 -> 1.05 | W12: =C14 -> -15.16 | X12: =D14 -> 0.0 | Y12: =E14 -> 0.0 | Z12: =F14 -> 13.5 | AA12: =G14 -> 5.8
A13: 12 | B13: 1.055 | C13: -18.07 | D13: 0.0 | E13: 0.0 | F13: 6.1 | G13: 1.6 | I13: 12 | J13: 7 | K13: 9 | L13: =Q15*$O$2 -> 0 | M13: =R19*$O$2 -> 0.011001 | N13: =P19*$O$2 -> 0 | P13: 1730 | Q13: 0 | R13: 17103 | T13: 12 | U13: =IF(C13=0,1,IF(OR(D13>0,E13<>0),2,0)) -> 2 | V13: =#REF! -> #REF! | W13: =#REF! -> #REF! | X13: =#REF! -> #REF! | Y13: =#REF! -> #REF! | Z13: =#REF! -> #REF! | AA13: =#REF! -> #REF!
A14: 13 | B14: 1.05 | C14: -15.16 | D14: 0.0 | E14: 0.0 | F14: 13.5 | G14: 5.8 | I14: 13 | J14: 9 | K14: 10 | L14: =Q16*$O$2 -> 0.003181 | M14: =R20*$O$2 -> 0.00845 | N14: =P20*$O$2 -> 0 | P14: 64 | Q14: 0 | R14: 4211 | T14: 13 | U14: =IF(C14=0,1,IF(OR(D14>0,E14<>0),2,0)) -> 2 | V14: =#REF! -> #REF! | W14: =#REF! -> #REF! | X14: =#REF! -> #REF! | Y14: =#REF! -> #REF! | Z14: =#REF! -> #REF! | AA14: =#REF! -> #REF!
A15: 14 | B15: 1.036 | C15: -16.04 | D15: 0.0 | E15: 0.0 | F15: 14.9 | G15: 5.0 | I15: 14 | J15: 6 | K15: 11 | L15: =Q17*$O$2 -> 0.009498 | M15: =R21*$O$2 -> 0.01989 | N15: =P21*$O$2 -> 0 | P15: 0 | Q15: 0 | R15: 25202 | T15: 14 | U15: =IF(C15=0,1,IF(OR(D15>0,E15<>0),2,0)) -> 2 | V15: =B15 -> 1.036 | W15: =C15 -> -16.04 | X15: =D15 -> 0.0 | Y15: =E15 -> 0.0 | Z15: =F15 -> 14.9 | AA15: =G15 -> 5.0
I16: 15 | J16: 6 | K16: 12 | L16: =Q18*$O$2 -> 0.012291 | M16: =R22*$O$2 -> 0.025581 | N16: =P22*$O$2 -> 0 | P16: 0 | Q16: 3181 | R16: 20912
I17: 16 | J17: 6 | K17: 13 | L17: =Q19*$O$2 -> 0.006615 | M17: =R23*$O$2 -> 0.013027 | N17: =P23*$O$2 -> 0 | P17: 0 | Q17: 9498 | R17: 17615
I18: 17 | J18: 9 | K18: 14 | L18: =Q20*$O$2 -> 0.012711 | M18: =R24*$O$2 -> 0.027038 | N18: =P24*$O$2 -> 0 | P18: 0 | Q18: 12291 | R18: 55618
I19: 18 | J19: 10 | K19: 11 | L19: =Q21*$O$2 -> 0.008205 | M19: =R25*$O$2 -> 0.019207 | N19: =P25*$O$2 -> 0 | P19: 0 | Q19: 6615 | R19: 11001
I20: 19 | J20: 12 | K20: 13 | L20: =Q22*$O$2 -> 0.022092 | M20: =R26*$O$2 -> 0.019988 | N20: =P26*$O$2 -> 0 | P20: 0 | Q20: 12711 | R20: 8450
I21: 20 | J21: 13 | K21: 14 | L21: =Q23*$O$2 -> 0.017093 | M21: =R27*$O$2 -> 0.034802 | N21: =P27*$O$2 -> 0 | P21: 0 | Q21: 8205 | R21: 19890
P22: 0 | Q22: 22092 | R22: 25581
P23: 0 | Q23: 17093 | R23: 13027
P24: 0 | R24: 27038
P25: 0 | R25: 19207
P26: 0 | R26: 19988
P27: 0 | R27: 34802

Sheet Planilha4
A1: Bus No. | B1: Bus Voltage | D1: Generation | F1: Load | I1: Line No | J1: Between Buses | L1: Line impedance | N1: Line Charging Susceptance per unit | R1: Transformer | S1: Between Buses | T1: Tap Setting | V1: Bus_No | W1: Bus_Code | X1: V_pu | Y1: V_th | Z1: Gen_MW | AA1: Gen_Mvar | AB1: Load_MW | AC1: Load_Mvar | AE1: From_Bus | AF1: To_Bus | AG1: R_pu | AH1: X_pu | AI1: B_pu | AJ1: Tap_pu
B2: Magnitude Per Unit | C2: Phase Angle Degrees | D2: Real MW | E2: Reactive MVAR | F2: Real MW | G2: Reactive MVAR | L2: R per unit | M2: X per unit | P2: 2 | R2: 1 | S2: 4 - 7 | T2: 0.978 | V2: 1 | W2: =IF(C3=0,1,IF(OR(D3>0,E3<>0),2,0)) -> 1 | X2: =B3 -> 1.06 | Y2: =C3 -> 0 | Z2: =D3 -> 232.4 | AA2: =E3 -> -16.9 | AB2: =F3 -> 0 | AC2: =G3 -> 0 | AE2: =J3 -> 1 | AF2: =K3 -> 2 | AG2: =L3 -> 0.01938 | AH2: =M3 -> 0.05917 | AI2: =N3 -> 0.0528 | AJ2: 1
A3: 1 | B3: 1.06 | C3: 0 | D3: 232.4 | E3: -16.9 | F3: 0 | G3: 0 | I3: 1 | J3: 1 | K3: 2 | L3: 0.01938 | M3: 0.05917 | N3: =P3*$P$2 -> 0.0528 | P3: 0.0264 | R3: 2 | S3: 4 - 9 | T3: 0.969 | V3: 2 | W3: =IF(C4=0,1,IF(OR(D4>0,E4<>0),2,0)) -> 2 | X3: =B4 -> 1.045 | Y3: =C4 -> -4.98 | Z3: =D4 -> 40 | AA3: =E4 -> 42.4 | AB3: =F4 -> 21.7 | AC3: =G4 -> 12.7 | AE3: =J4 -> 2 | AF3: =K4 -> 3 | AG3: =L4 -> 0.04699 | AH3: =M4 -> 0.19797 | AI3: =N4 -> 0.0438 | AJ3: 1
A4: 2 | B4: 1.045 | C4: -4.98 | D4: 40 | E4: 42.4 | F4: 21.7 | G4: 12.7 | I4: 2 | J4: 2 | K4: 3 | L4: 0.04699 | M4: 0.19797 | N4: =P4*$P$2 -> 0.0438 | P4: 0.0219 | R4: 3 | S4: 5 - 6 | T4: 0.932 | V4: 3 | W4: =IF(C5=0,1,IF(OR(D5>0,E5<>0),2,0)) -> 2 | X4: =B5 -> 1.01 | Y4: =C5 -> -12.72 | Z4: =D5 -> 0 | AA4: =E5 -> 23.4 | AB4: =F5 -> 94.2 | AC4: =G5 -> 19 | AE4: =J5 -> 2 | AF4: =K5 -> 4 | AG4: =L5 -> 0.05811 | AH4: =M5 -> 0.17632 | AI4: =N5 -> 0.0374 | AJ4: 1
A5: 3 | B5: 1.01 | C5: -12.72 | D5: 0 | E5: 23.4 | F5: 94.2 | G5: 19 | I5: 3 | J5: 2 | K5: 4 | L5: 0.05811 | M5: 0.17632 | N5: =P5*$P$2 -> 0.0374 | P5: 0.0187 | V5: 4 | W5: =IF(C6=0,1,IF(OR(D6>0,E6<>0),2,0)) -> 0 | X5: =B6 -> 1.019 | Y5: =C6 -> -10.33 | Z5: =D6 -> 0 | AA5: =E6 -> 0 | AB5: =F6 -> 47.8 | AC5: =G6 -> 3.9 | AE5: =J6 -> 1 | AF5: =K6 -> 5 | AG5: =L6 -> 0.05403 | AH5: =M6 -> 0.22304 | AI5: =N6 -> 0.0492 | AJ5: 1
A6: 4 | B6: 1.019 | C6: -10.33 | D6: 0 | E6: 0 | F6: 47.8 | G6: 3.9 | I6: 4 | J6: 1 | K6: 5 | L6: 0.05403 | M6: 0.22304 | N6: =P6*$P$2 -> 0.0492 | P6: 0.0246 | V6: 5 | W6: =IF(C7=0,1,IF(OR(D7>0,E7<>0),2,0)) -> 0 | X6: =B7 -> 1.02 | Y6: =C7 -> -8.78 | Z6: =D7 -> 0 | AA6: =E7 -> 0 | AB6: =F7 -> 7.6 | AC6: =G7 -> 1.6 | AE6: =J7 -> 2 | AF6: =K7 -> 5 | AG6: =L7 -> 0.05695 | AH6: =M7 -> 0.17388 | AI6: =N7 -> 0.034 | AJ6: 1
A7: 5 | B7: 1.02 | C7: -8.78 | D7: 0 | E7: 0 | F7: 7.6 | G7: 1.6 | I7: 5 | J7: 2 | K7: 5 | L7: 0.05695 | M7: 0.17388 | N7: =P7*$P$2 -> 0.034 | P7: 0.017 | V7: 6 | W7: =IF(C8=0,1,IF(OR(D8>0,E8<>0),2,0)) -> 2 | X7: =B8 -> 1.07 | Y7: =C8 -> -14.22 | Z7: =D8 -> 0 | AA7: =E8 -> 12.2 | AB7: =F8 -> 11.2 | AC7: =G8 -> 7.5 | AE7: =J8 -> 3 | AF7: =K8 -> 4 | AG7: =L8 -> 0.06701 | AH7: =M8 -> 0.17103 | AI7: =N8 -> 0.0346 | AJ7: 1
A8: 6 | B8: 1.07 | C8: -14.22 | D8: 0 | E8: 12.2 | F8: 11.2 | G8: 7.5 | I8: 6 | J8: 3 | K8: 4 | L8: 0.06701 | M8: 0.17103 | N8: =P8*$P$2 -> 0.0346 | P8: 0.0173 | V8: 7 | W8: =IF(C9=0,1,IF(OR(D9>0,E9<>0),2,0)) -> 0 | X8: =B9 -> 1.062 | Y8: =C9 -> -13.37 | Z8: =D9 -> 0 | AA8: =E9 -> 0 | AB8: =F9 -> 0 | AC8: =G9 -> 0 | AE8: =J9 -> 4 | AF8: =K9 -> 5 | AG8: =L9 -> 0.01335 | AH8: =M9 -> 0.04211 | AI8: =N9 -> 0.0128 | AJ8: 1
A9: 7 | B9: 1.062 | C9: -13.37 | D9: 0 | E9: 0 | F9: 0 | G9: 0 | I9: 7 | J9: 4 | K9: 5 | L9: 0.01335 | M9: 0.04211 | N9: =P9*$P$2 -> 0.0128 | P9: 0.0064 | V9: 8 | W9: =IF(C10=0,1,IF(OR(D10>0,E10<>0),2,0)) -> 2 | X9: =B10 -> 1.09 | Y9: =C10 -> -13.36 | Z9: =D10 -> 0 | AA9: =E10 -> 17.4 | AB9: =F10 -> 0 | AC9: =G10 -> 0 | AE9: =J10 -> 5 | AF9: =K10 -> 6 | AG9: =L10 -> 0 | AH9: =M10 -> 0.25202 | AI9: =N10 -> 0 | AJ9: 0.932
A10: 8 | B10: 1.09 | C10: -13.36 | D10: 0 | E10: 17.4 | F10: 0 | G10: 0 | I10: 8 | J10: 5 | K10: 6 | L10: 0 | M10: 0.25202 | N10: =P10*$P$2 -> 0 | P10: 0 | V10: 9 | W10: =IF(C11=0,1,IF(OR(D11>0,E11<>0),2,0)) -> 0 | X10: =B11 -> 1.056 | Y10: =C11 -> -14.94 | Z10: =D11 -> 0 | AA10: =E11 -> 0 | AB10: =F11 -> 29.5 | AC10: =G11 -> 16.6 | AE10: =J11 -> 4 | AF10: =K11 -> 7 | AG10: =L11 -> 0 | AH10: =M11 -> 0.20912 | AI10: =N11 -> 0 | AJ10: 0.978
A11: 9 | B11: 1.056 | C11: -14.94 | D11: 0 | E11: 0 | F11: 29.5 | G11: 16.6 | I11: 9 | J11: 4 | K11: 7 | L11: 0 | M11: 0.20912 | N11: =P11*$P$2 -> 0 | P11: 0 | V11: 10 | W11: =IF(C12=0,1,IF(OR(D12>0,E12<>0),2,0)) -> 0 | X11: =B12 -> 1.051 | Y11: =C12 -> -15.1 | Z11: =D12 -> 0 | AA11: =E12 -> 0 | AB11: =F12 -> 9 | AC11: =G12 -> 5.8 | AE11: =J12 -> 7 | AF11: =K12 -> 8 | AG11: =L12 -> 0 | AH11: =M12 -> 0.17615 | AI11: =N12 -> 0 | AJ11: 1
A12: 10 | B12: 1.051 | C12: -15.1 | D12: 0 | E12: 0 | F12: 9 | G12: 5.8 | I12: 10 | J12: 7 | K12: 8 | L12: 0 | M12: 0.17615 | N12: =P12*$P$2 -> 0 | P12: 0 | V12: 11 | W12: =IF(C13=0,1,IF(OR(D13>0,E13<>0),2,0)) -> 0 | X12: =B13 -> 1.057 | Y12: =C13 -> -14.79 | Z12: =D13 -> 0 | AA12: =E13 -> 0 | AB12: =F13 -> 3.5 | AC12: =G13 -> 1.8 | AE12: =J13 -> 4 | AF12: =K13 -> 9 | AG12: =L13 -> 0 | AH12: =M13 -> 0.55618 | AI12: =N13 -> 0 | AJ12: 0.969
A13: 11 | B13: 1.057 | C13: -14.79 | D13: 0 | E13: 0 | F13: 3.5 | G13: 1.8 | I13: 11 | J13: 4 | K13: 9 | L13: 0 | M13: 0.55618 | N13: =P13*$P$2 -> 0 | P13: 0 | V13: 12 | W13: =IF(C14=0,1,IF(OR(D14>0,E14<>0),2,0)) -> 0 | X13: =B14 -> 1.055 | Y13: =C14 -> -18.07 | Z13: =D14 -> 0 | AA13: =E14 -> 0 | AB13: =F14 -> 6.1 | AC13: =G14 -> 1.6 | AE13: =J14 -> 7 | AF13: =K14 -> 9 | AG13: =L14 -> 0 | AH13: =M14 -> 0.11001 | AI13: =N14 -> 0 | AJ13: 1
A14: 12 | B14: 1.055 | C14: -18.07 | D14: 0 | E14: 0 | F14: 6.1 | G14: 1.6 | I14: 12 | J14: 7 | K14: 9 | L14: 0 | M14: 0.11001 | N14: =P14*$P$2 -> 0 | P14: 0 | V14: 13 | W14: =IF(C15=0,1,IF(OR(D15>0,E15<>0),2,0)) -> 0 | X14: =B15 -> 1.05 | Y14: =C15 -> -15.16 | Z14: =D15 -> 0 | AA14: =E15 -> 0 | AB14: =F15 -> 13.5 | AC14: =G15 -> 5.8 | AE14: =J15 -> 9 | AF14: =K15 -> 10 | AG14: =L15 -> 0.03181 | AH14: =M15 -> 0.0845 | AI14: =N15 -> 0 | AJ14: 1
A15: 13 | B15: 1.05 | C15: -15.16 | D15: 0 | E15: 0 | F15: 13.5 | G15: 5.8 | I15: 13 | J15: 9 | K15: 10 | L15: 0.03181 | M15: 0.0845 | N15: =P15*$P$2 -> 0 | P15: 0 | V15: 14 | W15: =IF(C16=0,1,IF(OR(D16>0,E16<>0),2,0)) -> 0 | X15: =B16 -> 1.036 | Y15: =C16 -> -16.04 | Z15: =D16 -> 0 | AA15: =E16 -> 0 | AB15: =F16 -> 14.9 | AC15: =G16 -> 5 | AE15: =J16 -> 6 | AF15: =K16 -> 11 | AG15: =L16 -> 0.09498 | AH15: =M16 -> 0.1989 | AI15: =N16 -> 0 | AJ15: 1
A16: 14 | B16: 1.036 | C16: -16.04 | D16: 0 | E16: 0 | F16: 14.9 | G16: 5 | I16: 14 | J16: 6 | K16: 11 | L16: 0.09498 | M16: 0.1989 | N16: =P16*$P$2 -> 0 | P16: 0 | AE16: =J17 -> 6 | AF16: =K17 -> 12 | AG16: =L17 -> 0.12291 | AH16: =M17 -> 0.25581 | AI16: =N17 -> 0 | AJ16: 1
I17: 15 | J17: 6 | K17: 12 | L17: 0.12291 | M17: 0.25581 | N17: =P17*$P$2 -> 0 | P17: 0 | AE17: =J18 -> 6 | AF17: =K18 -> 13 | AG17: =L18 -> 0.06615 | AH17: =M18 -> 0.13027 | AI17: =N18 -> 0 | AJ17: 1
I18: 16 | J18: 6 | K18: 13 | L18: 0.06615 | M18: 0.13027 | N18: =P18*$P$2 -> 0 | P18: 0 | AE18: =J19 -> 9 | AF18: =K19 -> 14 | AG18: =L19 -> 0.12711 | AH18: =M19 -> 0.27038 | AI18: =N19 -> 0 | AJ18: 1
I19: 17 | J19: 9 | K19: 14 | L19: 0.12711 | M19: 0.27038 | N19: =P19*$P$2 -> 0 | P19: 0 | AE19: =J20 -> 10 | AF19: =K20 -> 11 | AG19: =L20 -> 0.8205 | AH19: =M20 -> 0.19207 | AI19: =N20 -> 0 | AJ19: 1
I20: 18 | J20: 10 | K20: 11 | L20: 0.8205 | M20: 0.19207 | N20: =P20*$P$2 -> 0 | P20: 0 | AE20: =J21 -> 12 | AF20: =K21 -> 13 | AG20: =L21 -> 0.22092 | AH20: =M21 -> 0.19988 | AI20: =N21 -> 0 | AJ20: 1
I21: 19 | J21: 12 | K21: 13 | L21: 0.22092 | M21: 0.19988 | N21: =P21*$P$2 -> 0 | P21: 0 | AE21: =J22 -> 13 | AF21: =K22 -> 14 | AG21: =L22 -> 0.17093 | AH21: =M22 -> 0.34802 | AI21: =N22 -> 0 | AJ21: 1
I22: 20 | J22: 13 | K22: 14 | L22: 0.17093 | M22: 0.34802 | N22: =P22*$P$2 -> 0 | P22: 0
